<?xml version="1.0" encoding="utf-8"?>
<template_modifications>
  <modification type="admin" template="xfrm_category_edit" modification_key="xfh_xfrmrtd_add_option" description="Add reply to download option" execution_order="10" enabled="1" action="str_replace">
    <find><![CDATA[				<xf:option name="enable_support_url" selected="$category.enable_support_url"
					label="{{ phrase('xfrm_enable_support_url') }}"
					hint="{{ phrase('xfrm_if_enabled_users_given_option_enter_support_url') }}" />]]></find>
    <replace><![CDATA[$0
<xf:option name="enable_reply_to_download" 
		   label="{{ phrase('xfh_xfrmrtd_enable_reply_to_download') }}" 
		   selected="{$category.xfh_reply_to_download_option}"/>]]></replace>
  </modification>
</template_modifications>
