{
    "src/addons/XFH/XFRMRTD/addon.json": "4829bf959ebd943e45215d382b7d140589a698589f5b37faecaa0096ea9c1736",
    "src/addons/XFH/XFRMRTD/Listener.php": "1ba00df264bc4ef8ea55f9582408b297402ffb41f5a790294a38aba877fab2d4",
    "src/addons/XFH/XFRMRTD/Setup.php": "053d0fa2b5d2d3a4a6f55974e1c87d890b4da3a4e1f110c5f4c8b75b3be29dac",
    "src/addons/XFH/XFRMRTD/XFRM/Admin/Controller/Category.php": "fcfea12496107255c0fbd30b82000dccb9539b8f7cb2aa4d1dd00e116a4a9760",
    "src/addons/XFH/XFRMRTD/XFRM/Pub/Controller/ResourceItem.php": "336367682560dbfc19f37dfe0343ae5bcc54d37d562b6106e5a4f1044199c465",
    "src/addons/XFH/XFRMRTD/XFRM/Service/ResourceItem/Create.php": "35ce0d82f047ae8d15acd704af6a65440a67441e31d73468555d34627d97e91b",
    "src/addons/XFH/XFRMRTD/_data/activity_summary_definitions.xml": "99d8c2563a31320d66f958fc8bda78613545f5f7959bb3cf5318805e3a3c39d2",
    "src/addons/XFH/XFRMRTD/_data/admin_navigation.xml": "064ec797484ac00d5ee37367b50b06846d11f480d00550997712707f8fdac8c0",
    "src/addons/XFH/XFRMRTD/_data/admin_permission.xml": "ec6fb97cebf0bceb24f1ed1d5778c1db54eeb7535fbb3e31d824840e7aa9ff87",
    "src/addons/XFH/XFRMRTD/_data/advertising_positions.xml": "d2f7cbe844bb1df3cf878d22ff6306249245c8ff6b0b87b9b729744bec538261",
    "src/addons/XFH/XFRMRTD/_data/api_scopes.xml": "6793eaf758f140e8137187ba20e65f4faccf53410433ae3ad7a8b3b38cb6b3b7",
    "src/addons/XFH/XFRMRTD/_data/bb_codes.xml": "e9c22c0441213ef026b013972a5564603af43fd149d2d6835b582f7815b9b27f",
    "src/addons/XFH/XFRMRTD/_data/bb_code_media_sites.xml": "29762987990187b33e43cfb68c08dc917b2d3f0176613d78f8e6c453f82da3f3",
    "src/addons/XFH/XFRMRTD/_data/class_extensions.xml": "9fe40c95f3e18723448f89a489171c0c16b21450f2fdd5de0a01364fbfeb112e",
    "src/addons/XFH/XFRMRTD/_data/code_events.xml": "8370dec3df47f91df4cf79da253446ad11b29f4ea568fe76c774e97a0379f0eb",
    "src/addons/XFH/XFRMRTD/_data/code_event_listeners.xml": "bdefc7a27c4737b9fadc478a62e8d9970b104e93ae271ffe787ba131fbd981fd",
    "src/addons/XFH/XFRMRTD/_data/content_type_fields.xml": "c7ad5472b28f465b7ac7617627707eba1b7a39d28089460d52e1ed292fc0b06a",
    "src/addons/XFH/XFRMRTD/_data/cron.xml": "323c4284742ef24329cd6db6f288eb9736d2353f36852e1db12591e1583aea26",
    "src/addons/XFH/XFRMRTD/_data/help_pages.xml": "a8a0c0b06cdc550438bc8a8d385af3e1e5ab3459877dfb934c1c31be59c89163",
    "src/addons/XFH/XFRMRTD/_data/member_stats.xml": "89fb2b93ff1eca7a1f6f752248edf6090dfd24037db1446fd18ff7143f08124d",
    "src/addons/XFH/XFRMRTD/_data/navigation.xml": "f75e1c03a45a360bbdfcd0567121665082315068475d5b0feb8b1acbb1688651",
    "src/addons/XFH/XFRMRTD/_data/options.xml": "1cea29aa5671733d85c8fc6f7c66128eacbca5643cbb38585eb82002879b51a4",
    "src/addons/XFH/XFRMRTD/_data/option_groups.xml": "154d7a89664b243d0bd8227c22e241f934bf7e196c83230ee23d3c0c4fba1333",
    "src/addons/XFH/XFRMRTD/_data/permissions.xml": "a22a79d6a94f6cbfba28d592a034e77e06943aad05ad3eed126af326ac2eda34",
    "src/addons/XFH/XFRMRTD/_data/permission_interface_groups.xml": "3177224e96458b829aa7fb24866dda9e0455a4922aee3d669b53f59a1ffdf5d1",
    "src/addons/XFH/XFRMRTD/_data/phrases.xml": "6ee5de7333a521f2e0ad13ebeb2442956564288799c3822303de592b53b00097",
    "src/addons/XFH/XFRMRTD/_data/routes.xml": "550fa64f9feedf137dd877b38c2684f94474619d2d83890dbb717a91b50da8f5",
    "src/addons/XFH/XFRMRTD/_data/style_properties.xml": "8b8690a8512f01f219dd2da76e3d0c5f62afc1f317b87794a7331c859c36a7a8",
    "src/addons/XFH/XFRMRTD/_data/style_property_groups.xml": "68e1879cb3846c42d978487aa8d5145ff3335fc39e58016878824d5cf3fd684c",
    "src/addons/XFH/XFRMRTD/_data/templates.xml": "95d4b078b90e74e773cef6695ef94c742e74b8d62e6798738f11f0215a58faee",
    "src/addons/XFH/XFRMRTD/_data/template_modifications.xml": "b287b6e77f2f3b32253a160dfd5f97bb54bbd9f6801bdb4eedb2af77206ae03c",
    "src/addons/XFH/XFRMRTD/_data/widget_definitions.xml": "37e46965256430f24004c2e7f08ba08f9b0d1cbcc4d70e84b3f4e3ffb713e64b",
    "src/addons/XFH/XFRMRTD/_data/widget_positions.xml": "a29cee66134f6bc5d75ed9df1eef21096c24401915c5b5c774389c3d7bb2d5b3"
}